{
  "intents": [
    {
      "tag": "greeting",
      "patterns": [
        "hi",
        "hello",
        "hey",
        "good morning",
        "good evening"
      ],
      "responses": [
        "Hello! How can I help you today?",
        "Hi there! What can I do for you?"
      ]
    },
    {
      "tag": "goodbye",
      "patterns": [
        "bye",
        "see you",
        "goodbye",
        "take care"
      ],
      "responses": [
        "Goodbye! Have a great day.",
        "See you later!"
      ]
    },
    {
      "tag": "thanks",
      "patterns": [
        "thanks",
        "thank you",
        "thanks a lot",
        "thankyou"
      ],
      "responses": [
        "You're welcome!",
        "No problem, happy to help!"
      ]
    },
    {
      "tag": "name",
      "patterns": [
        "what is your name",
        "who are you",
        "name?"
      ],
      "responses": [
        "I'm CodTech Bot \u2014 a simple NLP chatbot.",
        "You can call me CodTech Assistant."
      ]
    },
    {
      "tag": "about",
      "patterns": [
        "what can you do",
        "help",
        "what do you do"
      ],
      "responses": [
        "I can answer simple questions from a predefined set. Try asking greetings, name, or say thanks."
      ]
    },
    {
      "tag": "project",
      "patterns": [
        "tell me about the internship task",
        "task 3",
        "ai chatbot with nlp"
      ],
      "responses": [
        "This project is a simple NLP chatbot using NLTK. The deliverable includes a python script and intents file."
      ]
    }
  ]
}